{
    "swagger": "2.0",
    "info": {
      "title": "Users API",
      "version": "1.0.0",
      "description": "Users API"
    },
    "host": "localhost:3000",
    "basePath": "/api/users",
    "schemes": [
      "http"
    ],
    "paths": {
      "/": {
        "get": {
          "description": "",
          "responses": {
            "200": {
              "description": "OK"
            }
          }
        },
        "post": {
          "description": "",
          "parameters": [
            {
              "name": "body",
              "in": "body",
              "schema": {
                "type": "object",
                "properties": {
                  "name": {
                    "example": "any"
                  },
                  "email": {
                    "example": "any"
                  }
                }
              }
            }
          ],
          "responses": {
            "201": {
              "description": "Created"
            }
          }
        }
      },
      "/{id}": {
        "get": {
          "description": "",
          "parameters": [
            {
              "name": "id",
              "in": "path",
              "required": true,
              "type": "string"
            }
          ],
          "responses": {
            "200": {
              "description": "OK"
            },
            "404": {
              "description": "Not Found"
            }
          }
        },
        "put": {
          "description": "",
          "parameters": [
            {
              "name": "id",
              "in": "path",
              "required": true,
              "type": "string"
            },
            {
              "name": "body",
              "in": "body",
              "schema": {
                "type": "object",
                "properties": {
                  "name": {
                    "example": "any"
                  },
                  "email": {
                    "example": "any"
                  }
                }
              }
            }
          ],
          "responses": {
            "200": {
              "description": "OK"
            },
            "404": {
              "description": "Not Found"
            }
          }
        },
        "delete": {
          "description": "",
          "parameters": [
            {
              "name": "id",
              "in": "path",
              "required": true,
              "type": "string"
            }
          ],
          "responses": {
            "204": {
              "description": "No Content"
            },
            "404": {
              "description": "Not Found"
            }
          }
        }
      }
    }
  }